"Year","Qtr","Region","Index","YrQtr","CV"
1952,1,1,31690251.132595,1952,0.474853719564965
1952,1,2,8613399.37386,1952,0.533234860918641
1952,1,3,22855455.28223,1952,0.433036041418562
1952,1,4,10453315.86462,1952,0.652012335381308
1952,2,1,29164813.5383095,1952.25,0.579263795915486
1952,2,2,4950927.60777,1952.25,0.447750646163365
1952,2,3,15814645.79917,1952.25,0.364438662246468
1952,2,4,6658117.94049,1952.25,0.64767883229401
1952,3,1,39640668.8917297,1952.5,0.558680179185978
1952,3,2,8967536.65593,1952.5,0.50619926850294
1952,3,3,19537148.95274,1952.5,0.390026929709306
1952,3,4,11658599.52833,1952.5,0.63340270889217
1952,4,1,37577727.5246168,1952.75,0.504447951064445
1952,4,2,10010720.80059,1952.75,0.457109311511456
1952,4,3,15439129.66667,1952.75,0.376303475117075
1952,4,4,9337328.98105,1952.75,0.607219581611514
1953,1,1,30956454.9648598,1953,0.503867248745453
1953,1,2,7462998.39154,1953,0.455523799892676
1953,1,3,15906987.88287,1953,0.325807250166967
1953,1,4,6448130.30976,1953,0.566781778645642
1953,2,1,23069799.8562499,1953.25,0.597556019583015
1953,2,2,6475903.93093,1953.25,0.474229954980545
1953,2,3,17483904.66531,1953.25,0.325549994687977
1953,2,4,7674932.49526,1953.25,0.629474392416571
1953,3,1,26885634.8638834,1953.5,0.565087763909739
1953,3,2,10023630.689,1953.5,0.505050516130988
1953,3,3,18403306.39097,1953.5,0.307184680809932
1953,3,4,8639355.27275,1953.5,0.607034506548702
1953,4,1,27998165.255212,1953.75,0.485422247511491
1953,4,2,9282681.62035,1953.75,0.41387472124242
1953,4,3,16801789.21952,1953.75,0.330013130582237
1953,4,4,8148702.90838,1953.75,0.597917965204565
1954,1,1,28972615.644372,1954,0.495014541677508
1954,1,2,6302654.44469,1954,0.3806086826163
1954,1,3,14577458.35639,1954,0.302543657890817
1954,1,4,6331007.36371,1954,0.488318329466428
1954,2,1,23830062.5637736,1954.25,0.555918882163217
1954,2,2,7316544.72903,1954.25,0.396385312289732
1954,2,3,11777425.05314,1954.25,0.297020450568278
1954,2,4,6169540.65551,1954.25,0.548455932588955
1954,3,1,28569785.4245543,1954.5,0.531846685311514
1954,3,2,9603468.00451,1954.5,0.44854860764364
1954,3,3,14653318.29986,1954.5,0.353223923734426
1954,3,4,8140002.55824,1954.5,0.437311259523509
1954,4,1,32376519.580163,1954.75,0.43396589162794
1954,4,2,8074724.09495,1954.75,0.382039897497001
1954,4,3,11531785.49689,1954.75,0.345546652756956
1954,4,4,7527102.4004,1954.75,0.41504000480333
1955,1,1,38857084.183335,1955,0.45839719285063
1955,1,2,8494912.44772,1955,0.397227079651713
1955,1,3,14001713.71639,1955,0.27145541620064
1955,1,4,6960264.34624,1955,0.451997743126407
1955,2,1,27415635.3426118,1955.25,0.53868538761364
1955,2,2,6664668.76021,1955.25,0.421324611788248
1955,2,3,12814815.57898,1955.25,0.283237139511105
1955,2,4,7207542.05215,1955.25,0.48323171554571
1955,3,1,29456100.9303027,1955.5,0.485536412715772
1955,3,2,8043042.92887,1955.5,0.442115853027674
1955,3,3,13277854.63766,1955.5,0.270522311496724
1955,3,4,6646027.95383,1955.5,0.394404959463364
1955,4,1,40434493.274923,1955.75,0.417650196121397
1955,4,2,8920381.78017,1955.75,0.425747456234797
1955,4,3,12659168.67416,1955.75,0.273857279697986
1955,4,4,9081825.44133,1955.75,0.416670518028124
1956,1,1,41708118.111797,1956,0.440573817890802
1956,1,2,6830486.82388,1956,0.406895081149034
1956,1,3,14409300.69387,1956,0.257774149848293
1956,1,4,5017242.8388,1956,0.516083583315251
1956,2,1,23166754.5623627,1956.25,0.557557323015176
1956,2,2,7357857.08058,1956.25,0.405218100164376
1956,2,3,14599399.18771,1956.25,0.27091108950151
1956,2,4,6363205.93143,1956.25,0.453054934896926
1956,3,1,31411064.6430296,1956.5,0.543111982464524
1956,3,2,8227891.37759,1956.5,0.470187781360034
1956,3,3,19728073.13421,1956.5,0.336460707785377
1956,3,4,11583883.23385,1956.5,0.399450007105152
1956,4,1,41952173.627001,1956.75,0.400765847358386
1956,4,2,8275744.77188,1956.75,0.40628349254056
1956,4,3,16229821.3178,1956.75,0.271743985768529
1956,4,4,10637655.31353,1956.75,0.370397957388624
1957,1,1,49106951.073294,1957,0.426085620757478
1957,1,2,6468586.89095,1957,0.413839225587484
1957,1,3,18233468.85595,1957,0.26632898982433
1957,1,4,10177898.53589,1957,0.56267117367405
1957,2,1,28948336.493298,1957.25,0.516103495791083
1957,2,2,7980656.37325,1957.25,0.412693369976928
1957,2,3,21264356.53673,1957.25,0.295842801195946
1957,2,4,9894840.63755,1957.25,0.516155821825682
1957,3,1,30838476.291997,1957.5,0.501379785184698
1957,3,2,10496483.17355,1957.5,0.517302730892212
1957,3,3,17012239.94482,1957.5,0.284988073932558
1957,3,4,8424114.96062,1957.5,0.379328061721051
1957,4,1,38400406.23398,1957.75,0.426756457713946
1957,4,2,10463052.67776,1957.75,0.468020831597313
1957,4,3,19622313.48869,1957.75,0.233309005832846
1957,4,4,8679894.90076,1957.75,0.364005740796332
1958,1,1,42330003.1017526,1958,0.432540141747483
1958,1,2,10399624.00764,1958,0.406511590855951
1958,1,3,24241198.99432,1958,0.26642204809909
1958,1,4,19207551.47199,1958,0.529484028151344
1958,2,1,36167154.7453611,1958.25,0.486554957909786
1958,2,2,10908646.2835,1958.25,0.428298252872234
1958,2,3,18517131.75273,1958.25,0.302622329488946
1958,2,4,10462538.49846,1958.25,0.576549921065428
1958,3,1,31517670.4674381,1958.5,0.493617410782982
1958,3,2,11922620.8733,1958.5,0.55418827224604
1958,3,3,18985619.29769,1958.5,0.319187394756629
1958,3,4,7762241.00686,1958.5,0.406824946860688
1958,4,1,41035147.761859,1958.75,0.426361031251703
1958,4,2,10352595.91595,1958.75,0.485140062555621
1958,4,3,17396169.27552,1958.75,0.295522860339873
1958,4,4,7098632.3672,1958.75,0.409435658583323
1959,1,1,41362672.30808,1959,0.419822928492375
1959,1,2,16252237.45979,1959,0.415574966444563
1959,1,3,17124626.66349,1959,0.29134575984849
1959,1,4,11508918.27395,1959,0.562754850012955
1959,2,1,25487303.097682,1959.25,0.506572298405728
1959,2,2,8379894.60384,1959.25,0.458954215560015
1959,2,3,14996573.7128,1959.25,0.279640636793028
1959,2,4,6971954.71767,1959.25,0.461407765253918
1959,3,1,24097448.505294,1959.5,0.497134457869682
1959,3,2,7463618.44201,1959.5,0.567464623404733
1959,3,3,14873871.22811,1959.5,0.325439418661944
1959,3,4,9386954.7218,1959.5,0.388065179692088
1959,4,1,34483248.3955786,1959.75,0.416745163013047
1959,4,2,8039049.23892,1959.75,0.454734371324619
1959,4,3,14801097.04399,1959.75,0.272019467285578
1959,4,4,8457667.96103,1959.75,0.427367550487524
1960,1,1,35394042.051795,1960,0.443246791661464
1960,1,2,7195990.36374,1960,0.385013291388119
1960,1,3,14944776.05183,1960,0.274957638356032
1960,1,4,8735699.86579,1960,0.559423857737219
1960,2,1,25657566.8990772,1960.25,0.520039589623271
1960,2,2,5727687.20291,1960.25,0.404057983191398
1960,2,3,16702869.72732,1960.25,0.306238529362069
1960,2,4,8173526.26693,1960.25,0.573465462931627
1960,3,1,23652922.2063879,1960.5,0.475913316474929
1960,3,2,10951714.15963,1960.5,0.51502739269665
1960,3,3,15859621.57472,1960.5,0.322370066853147
1960,3,4,7300399.5992,1960.5,0.457607011474938
1960,4,1,33725578.14138,1960.75,0.406463211456043
1960,4,2,6287456.78265,1960.75,0.421506054331739
1960,4,3,17305584.44205,1960.75,0.254778081559743
1960,4,4,7221277.17836,1960.75,0.458571046024506
1961,1,1,35292888.153824,1961,0.451732303536085
1961,1,2,6496844.95765,1961,0.377656172225688
1961,1,3,15530014.18816,1961,0.276047159572188
1961,1,4,13381291.83797,1961,0.575084386108759
1961,2,1,25930675.2877092,1961.25,0.520387113946779
1961,2,2,8019016.14673,1961.25,0.473891354052297
1961,2,3,16841181.27088,1961.25,0.298487991289221
1961,2,4,9576047.60445,1961.25,0.511355880347362
1961,3,1,23072448.742807,1961.5,0.477343137779334
1961,3,2,7291676.67073,1961.5,0.555075068398318
1961,3,3,16064240.11028,1961.5,0.285265018123531
1961,3,4,7696207.2697156,1961.5,0.463569255861884
1961,4,1,34867009.884546,1961.75,0.387296938833584
1961,4,2,6022858.28088,1961.75,0.433153034556796
1961,4,3,14555721.14275,1961.75,0.257920761801371
1961,4,4,7889504.067181,1961.75,0.492065378669207
1962,1,1,24335817.904956,1962,0.428160678567977
1962,1,2,5989571.77335,1962,0.344561621138271
1962,1,3,13885917.5494356,1962,0.324111514549915
1962,1,4,8282583.36292,1962,0.544767878913204
1962,2,1,20851395.740629,1962.25,0.47203768033429
1962,2,2,6326471.24934,1962.25,0.416736888835735
1962,2,3,15856973.41557,1962.25,0.255293952610611
1962,2,4,9354595.09837,1962.25,0.423128776794312
1962,3,1,18162615.4102139,1962.5,0.457052896086411
1962,3,2,6131449.23646,1962.5,0.453495982937914
1962,3,3,15383027.07588,1962.5,0.249164918460962
1962,3,4,8911616.83935,1962.5,0.397957972476193
1962,4,1,24323010.148159,1962.75,0.399503352881591
1962,4,2,4674284.45347,1962.75,0.320771062583494
1962,4,3,14419358.36049,1962.75,0.254719616666771
1962,4,4,6909905.0006,1962.75,0.391168900379827
1963,1,1,23656658.696033,1963,0.404940367085535
1963,1,2,5749128.73489,1963,0.349469538767589
1963,1,3,15207926.32351,1963,0.234209817659723
1963,1,4,7618936.87863,1963,0.524252411035773
1963,2,1,18103691.8001967,1963.25,0.478743652141727
1963,2,2,4648018.12709,1963.25,0.470159062450029
1963,2,3,15627982.6037,1963.25,0.295353365390606
1963,2,4,6803495.75003,1963.25,0.389399533707828
1963,3,1,16964261.8090959,1963.5,0.533192257356961
1963,3,2,6206257.17335,1963.5,0.489903883244718
1963,3,3,14897183.28993,1963.5,0.264967976207381
1963,3,4,7181486.06577,1963.5,0.368057452633701
1963,4,1,18919032.0172152,1963.75,0.413361143040623
1963,4,2,5923602.47676,1963.75,0.314863270434046
1963,4,3,14889691.21594,1963.75,0.260663923802024
1963,4,4,7802507.74646,1963.75,0.396986065633147
1964,1,1,23874304.021781,1964,0.417368485664412
1964,1,2,4252710.27928,1964,0.340402309980554
1964,1,3,16022350.58983,1964,0.246010811655254
1964,1,4,6900150.72108,1964,0.419107010472108
1964,2,1,16700549.8384847,1964.25,0.555409457741957
1964,2,2,5444040.49139,1964.25,0.451902483967928
1964,2,3,13585028.36931,1964.25,0.277623879942743
1964,2,4,5181929.33031,1964.25,0.419366561034603
1964,3,1,10637967.766484,1964.5,0.482611452644032
1964,3,2,5562482.71261,1964.5,0.411817567044686
1964,3,3,11386080.10065,1964.5,0.278496945969027
1964,3,4,5528843.5067,1964.5,0.348685940886801
1964,4,1,20932913.136808,1964.75,0.364328470279633
1964,4,2,4491017.54653,1964.75,0.340087287456963
1964,4,3,12152810.30476,1964.75,0.25568331682122
1964,4,4,6595159.78285,1964.75,0.321851464061227
1965,1,1,21322934.4043078,1965,0.401246076288873
1965,1,2,4682966.30689424,1965,0.388406621100511
1965,1,3,12734554.80577,1965,0.251986136608456
1965,1,4,5981036.03055,1965,0.455578013396512
1965,2,1,12783641.367988,1965.25,0.526850801435395
1965,2,2,3664219.10292,1965.25,0.398969055120196
1965,2,3,12743113.09396,1965.25,0.252161891670586
1965,2,4,6591520.07815,1965.25,0.445799161936856
1965,3,1,12807691.1814187,1965.5,0.470784919811982
1965,3,2,4595425.44445,1965.5,0.382323219983938
1965,3,3,15277437.73316,1965.5,0.242319211106873
1965,3,4,5889754.6073601,1965.5,0.379582493746902
1965,4,1,22131348.3738225,1965.75,0.397526584547246
1965,4,2,4418153.82239,1965.75,0.357889833938975
1965,4,3,14064615.09548,1965.75,0.279368929227285
1965,4,4,5752050.56758,1965.75,0.352108615120281
1966,1,1,25589016.272882,1966,0.406871294802436
1966,1,2,4790843.1616,1966,0.372235788714606
1966,1,3,13764664.7681,1966,0.24570853886237
1966,1,4,4693608.42807,1966,0.415481586578171
1966,2,1,12668988.8276517,1966.25,0.525686860684693
1966,2,2,5119699.54611,1966.25,0.428442338864182
1966,2,3,13248720.64631,1966.25,0.245747353860797
1966,2,4,6904041.38876,1966.25,0.368083313652533
1966,3,1,19114054.7349555,1966.5,0.456634968781134
1966,3,2,5294964.96527,1966.5,0.349114902207969
1966,3,3,11603196.65847,1966.5,0.260242570049563
1966,3,4,6389965.6421963,1966.5,0.381833836266378
1966,4,1,21998090.8997726,1966.75,0.390501838832776
1966,4,2,4435062.55225,1966.75,0.326966135648081
1966,4,3,11789814.38203,1966.75,0.24994655181783
1966,4,4,6103099.759917,1966.75,0.337490904149755
1967,1,1,22169797.332336,1967,0.399446676148622
1967,1,2,4679388.00034,1967,0.418399102532687
1967,1,3,14369623.30452,1967,0.229568173750915
1967,1,4,6371100.81436,1967,0.395339866580939
1967,2,1,14457007.049584,1967.25,0.472049393099103
1967,2,2,3869975.73969,1967.25,0.420919130812705
1967,2,3,12968443.05002,1967.25,0.244338014228544
1967,2,4,7104826.68256,1967.25,0.345048665173834
1967,3,1,13855356.5288857,1967.5,0.415653099025578
1967,3,2,4775339.05175,1967.5,0.422803884542473
1967,3,3,12228449.29028,1967.5,0.260234347393084
1967,3,4,6484933.01975,1967.5,0.335610049756285
1967,4,1,17583440.987309,1967.75,0.405087751523473
1967,4,2,4461659.51697,1967.75,0.409698962011123
1967,4,3,11186315.10555,1967.75,0.249134508415748
1967,4,4,7285081.67814,1967.75,0.439362598604405
1968,1,1,16051423.4992678,1968,0.442887435377312
1968,1,2,4603923.661981,1968,0.401672049547444
1968,1,3,12337195.40231,1968,0.235510069880966
1968,1,4,5823440.02266,1968,0.453566377761698
1968,2,1,10332134.4895624,1968.25,0.609582536665409
1968,2,2,3784020.5215,1968.25,0.406112091008247
1968,2,3,13255366.78841,1968.25,0.247830763078371
1968,2,4,6938325.80571,1968.25,0.345686995794304
1968,3,1,10312690.1399291,1968.5,0.507991356598476
1968,3,2,5951699.25844,1968.5,0.41269182833029
1968,3,3,11126719.06628,1968.5,0.252990676683107
1968,3,4,6693266.7268,1968.5,0.386867965834465
1968,4,1,18845794.1164585,1968.75,0.412590113165891
1968,4,2,4806620.50713,1968.75,0.4115605071757
1968,4,3,11619841.61441,1968.75,0.240376861419815
1968,4,4,5760900.804292,1968.75,0.420202990298416
1969,1,1,22638100.5326651,1969,0.430699948860466
1969,1,2,3848351.69624,1969,0.398729083944232
1969,1,3,15337479.38217,1969,0.238220637618729
1969,1,4,6610167.71772,1969,0.39527960129506
1969,2,1,11452039.1580723,1969.25,0.533706882660642
1969,2,2,5116426.62023,1969.25,0.417858353978921
1969,2,3,14729142.52277,1969.25,0.267922391737394
1969,2,4,5824731.4938,1969.25,0.417337047263016
1969,3,1,14186919.0393736,1969.5,0.472501127101564
1969,3,2,5638870.94129,1969.5,0.480180071426968
1969,3,3,14840940.40423,1969.5,0.244022044928103
1969,3,4,7473112.49154,1969.5,0.39596133869145
1969,4,1,16835095.9379086,1969.75,0.420816007437895
1969,4,2,4203716.59645,1969.75,0.448134221508027
1969,4,3,13213020.47039,1969.75,0.280653239920559
1969,4,4,7424709.008105,1969.75,0.385185870031479
1970,1,1,17853284.1153151,1970,0.404399557482952
1970,1,2,3752635.89081,1970,0.414898257535781
1970,1,3,10592008.2454,1970,0.287200260407188
1970,1,4,6376163.1689,1970,0.406377996628495
1970,2,1,8857986.67706388,1970.25,0.590736764826
1970,2,2,3045191.55076,1970.25,0.479874002707398
1970,2,3,10929034.39679,1970.25,0.276908491244697
1970,2,4,5967854.35422,1970.25,0.391863333076666
1970,3,1,9039093.9716785,1970.5,0.48787902126756
1970,3,2,3577024.13241,1970.5,0.458741792087088
1970,3,3,9562433.23211,1970.5,0.240800692620547
1970,3,4,5619143.44213,1970.5,0.388362161260448
1970,4,1,15373880.130136,1970.75,0.398804843232214
1970,4,2,3214836.09088,1970.75,0.476547396464497
1970,4,3,8759437.5598,1970.75,0.260262574894005
1970,4,4,6464878.777134,1970.75,0.357595554026872
1971,1,1,13664471.6351761,1971,0.464135395379256
1971,1,2,3851232.17938,1971,0.443392103101851
1971,1,3,14414627.41114,1971,0.234872431226042
1971,1,4,5995683.746845,1971,0.351978279448248
1971,2,1,9508188.0907167,1971.25,0.584656280921088
1971,2,2,4612665.95595,1971.25,0.469599087660404
1971,2,3,11330349.76261,1971.25,0.236444776279014
1971,2,4,5220004.639969,1971.25,0.401832376271318
1971,3,1,10825505.847291,1971.5,0.508284588814571
1971,3,2,4055464.378,1971.5,0.478807234774232
1971,3,3,10930071.47131,1971.5,0.228656928176952
1971,3,4,5795442.256803,1971.5,0.379488169050386
1971,4,1,20121825.8768386,1971.75,0.429132665234414
1971,4,2,4430646.70373,1971.75,0.456820888719088
1971,4,3,10059358.89183,1971.75,0.241683684736115
1971,4,4,5955207.279449,1971.75,0.352772109210256
1972,1,1,15026465.23498,1972,0.457839425298302
1972,1,2,4665604.87188,1972,0.491425390167854
1972,1,3,12951762.2102,1972,0.226156565895502
1972,1,4,5384831.38856,1972,0.3583680538251
1972,2,1,10144886.4644927,1972.25,0.58481913117997
1972,2,2,4135351.08031,1972.25,0.490395375691098
1972,2,3,14315911.43521,1972.25,0.223640935154386
1972,2,4,5355009.23912,1972.25,0.423114718753243
1972,3,1,14275994.120091,1972.5,0.53442932020375
1972,3,2,5106084.67548,1972.5,0.46675946143771
1972,3,3,13338987.7323,1972.5,0.231831872789028
1972,3,4,5751437.3696,1972.5,0.36952838907977
1972,4,1,18300960.5911226,1972.75,0.456613219902344
1972,4,2,5836777.13367,1972.75,0.475026435719198
1972,4,3,12480832.64253,1972.75,0.219116537268856
1972,4,4,5244978.128333,1972.75,0.405866569373869
1973,1,1,17018014.124974,1973,0.445433176461783
1973,1,2,5976700.32418,1973,0.438862398226926
1973,1,3,12902185.95444,1973,0.214551455332023
1973,1,4,5753941.42738,1973,0.361979889590261
1973,2,1,11721840.7985395,1973.25,0.576458581925474
1973,2,2,4425314.84769,1973.25,0.439750295206996
1973,2,3,12005677.59833,1973.25,0.235958977318729
1973,2,4,4515968.09464,1973.25,0.375852107916536
1973,3,1,8266618.94648573,1973.5,0.548576206367236
1973,3,2,5151039.4428,1973.5,0.487523668649433
1973,3,3,9980699.21947,1973.5,0.222511610329808
1973,3,4,5883545.527217,1973.5,0.339066347944742
1973,4,1,12262261.0832214,1973.75,0.452593274568521
1973,4,2,4939329.58768,1973.75,0.441120750048352
1973,4,3,9484677.01688,1973.75,0.237663732942823
1973,4,4,5264476.29102,1973.75,0.354107309795164
1974,1,1,12444705.054431,1974,0.433947765465869
1974,1,2,4364585.77386,1974,0.400550455007974
1974,1,3,8480726.7633,1974,0.216927926359794
1974,1,4,3728991.423481,1974,0.326858836263392
1974,2,1,9249336.78838455,1974.25,0.555559849746856
1974,2,2,3245438.16951,1974.25,0.421797188232589
1974,2,3,11695571.07021,1974.25,0.235440704824746
1974,2,4,4268202.78409,1974.25,0.333086837650742
1974,3,1,9526400.9768179,1974.5,0.477044255366372
1974,3,2,4536268.08105,1974.5,0.455515909529157
1974,3,3,11854003.1182,1974.5,0.217162027414144
1974,3,4,4574401.7160625,1974.5,0.353716529082575
1974,4,1,14070743.2039897,1974.75,0.436958583638832
1974,4,2,4811791.41762,1974.75,0.412331533277663
1974,4,3,10811992.32552,1974.75,0.205985315565445
1974,4,4,5386003.502114,1974.75,0.317273827478409
1975,1,1,13263014.2244615,1975,0.436845832007221
1975,1,2,4428805.73652686,1975,0.474971700166715
1975,1,3,11601909.88373,1975,0.252172541926751
1975,1,4,4028044.26954,1975,0.357207953251632
1975,2,1,10051322.4426934,1975.25,0.61158479449567
1975,2,2,5928113.62952,1975.25,0.399218004189353
1975,2,3,16119173.03005,1975.25,0.253990859157385
1975,2,4,4730626.519631,1975.25,0.403916963758735
1975,3,1,10292488.3168514,1975.5,0.570612987183741
1975,3,2,4678676.88064,1975.5,0.424499094133687
1975,3,3,13052520.71814,1975.5,0.242189389651131
1975,3,4,6871940.62404,1975.5,0.380047279668769
1975,4,1,15879311.3608197,1975.75,0.429740683912523
1975,4,2,5384139.38804,1975.75,0.40019716707621
1975,4,3,12596069.50012,1975.75,0.224825799369359
1975,4,4,7644589.261725,1975.75,0.429101703738759
1976,1,1,14244603.9893057,1976,0.434348829723832
1976,1,2,4733126.22427,1976,0.40540510827848
1976,1,3,12368227.46167,1976,0.234018346174071
1976,1,4,6511984.40564,1976,0.355044051992472
1976,2,1,13153365.0954571,1976.25,0.51097610008741
1976,2,2,4526946.46903,1976.25,0.421791695105233
1976,2,3,14727440.36866,1976.25,0.243933456672322
1976,2,4,7084289.48908,1976.25,0.382230054203502
1976,3,1,11569776.0519852,1976.5,0.498657386672134
1976,3,2,5120489.47379,1976.5,0.41119231469746
1976,3,3,11163400.89277,1976.5,0.236339202251931
1976,3,4,6783519.95108,1976.5,0.36235392990798
1976,4,1,16440177.6237442,1976.75,0.39899412761016
1976,4,2,5218749.74412,1976.75,0.409504369885306
1976,4,3,11350030.49463,1976.75,0.223522180904599
1976,4,4,5727202.31636,1976.75,0.409633615666934
1977,1,1,16243402.861622,1977,0.389958870800978
1977,1,2,5373281.71052,1977,0.419441529592738
1977,1,3,12856673.16275,1977,0.227375896829644
1977,1,4,5053585.143504,1977,0.392610436285936
1977,2,1,14374265.9711156,1977.25,0.588547604523278
1977,2,2,5681295.72157,1977.25,0.441403275396177
1977,2,3,13720896.7629845,1977.25,0.340463433987277
1977,2,4,5086956.325374,1977.25,0.422167543713924
1977,3,1,15460764.1534997,1977.5,0.483781442035941
1977,3,2,5871547.53974,1977.5,0.456244628605785
1977,3,3,11903416.90037,1977.5,0.243103206894543
1977,3,4,4963430.0194637,1977.5,0.490499869231713
1977,4,1,23656528.946998,1977.75,0.433645093537376
1977,4,2,6284013.40248,1977.75,0.435946386909523
1977,4,3,13691622.69279,1977.75,0.226220575106407
1977,4,4,5756528.146598,1977.75,0.471623573414926
1978,1,1,17810036.0244111,1978,0.417378779252673
1978,1,2,4321019.79408,1978,0.390630017089685
1978,1,3,14106273.33678,1978,0.235921237068761
1978,1,4,4634268.37379,1978,0.430798391638913
1978,2,1,13058262.4462866,1978.25,0.500793666707717
1978,2,2,5397447.64313,1978.25,0.409933091266043
1978,2,3,10512447.75627,1978.25,0.250567885136
1978,2,4,5530620.167598,1978.25,0.455274932502302
1978,3,1,12619878.1243123,1978.5,0.516799220012661
1978,3,2,4594379.29811,1978.5,0.422213399891294
1978,3,3,10817292.43684,1978.5,0.229042333834999
1978,3,4,5492186.40615,1978.5,0.444140855565423
1978,4,1,15325133.433535,1978.75,0.414071842199035
1978,4,2,4809754.35364,1978.75,0.401071206021703
1978,4,3,10869947.65664,1978.75,0.228117028666018
1978,4,4,4568995.120016,1978.75,0.416014930731963
1979,1,1,13391875.0392462,1979,0.411718375966234
1979,1,2,4801306.19984,1979,0.426130997985513
1979,1,3,11105588.78837,1979,0.233322287517962
1979,1,4,3969241.19292,1979,0.432265471510875
1979,2,1,10999870.6099188,1979.25,0.522120960588413
1979,2,2,4755030.68885,1979.25,0.425351042180388
1979,2,3,13693332.09102,1979.25,0.253931783647231
1979,2,4,5946994.41998,1979.25,0.376343354978962
1979,3,1,12307633.0494441,1979.5,0.508502458034398
1979,3,2,4831390.73592,1979.5,0.437347968441317
1979,3,3,13978803.12425,1979.5,0.224733349975242
1979,3,4,6509994.41506,1979.5,0.33877163434423
1979,4,1,15325950.2851901,1979.75,0.388076052359048
1979,4,2,5325669.60314,1979.75,0.393042980708368
1979,4,3,13874518.50032,1979.75,0.211413026297266
1979,4,4,5611119.006622,1979.75,0.405248388295988
1980,1,1,12370560.738968,1980,0.416897088592631
1980,1,2,5375627.44422,1980,0.366308849008838
1980,1,3,11487000.60928,1980,0.199802597274204
1980,1,4,5958007.651725,1980,0.386445450080063
1980,2,1,12212013.4738856,1980.25,0.494607848905076
1980,2,2,4067008.1196068,1980.25,0.489154496245218
1980,2,3,11072199.21709,1980.25,0.210408287215908
1980,2,4,6009567.961203,1980.25,0.349939694139311
1980,3,1,11132978.625069,1980.5,0.494776904424551
1980,3,2,3590058.29408,1980.5,0.464645836239089
1980,3,3,8067757.52852,1980.5,0.214328607528177
1980,3,4,6769125.766416,1980.5,0.365638327397816
1980,4,1,11009733.7634356,1980.75,0.418042803185994
1980,4,2,4065881.61134,1980.75,0.361919969659057
1980,4,3,7717137.74719,1980.75,0.200707076443206
1980,4,4,5064712.534185,1980.75,0.373817274419379
1981,1,1,10610296.6424386,1981,0.432548962262112
1981,1,2,4498673.18632,1981,0.366515584465479
1981,1,3,8544727.80532,1981,0.216668771319401
1981,1,4,4006922.505703,1981,0.347230437356972
1981,2,1,8616318.69712864,1981.25,0.556556272227477
1981,2,2,3610138.31351,1981.25,0.439545693288401
1981,2,3,8745340.19797,1981.25,0.219453786370837
1981,2,4,4305324.81371,1981.25,0.374612936819844
1981,3,1,11176082.0272995,1981.5,0.452032693976903
1981,3,2,2977568.25388,1981.5,0.423998485763422
1981,3,3,7411159.26929,1981.5,0.252505191217321
1981,3,4,4767765.25132132,1981.5,0.398014405802673
1981,4,1,13293998.7722549,1981.75,0.430085196898071
1981,4,2,3673396.48614,1981.75,0.405955841324462
1981,4,3,8012847.81779,1981.75,0.239744953507326
1981,4,4,4825534.560236,1981.75,0.406325273105539
1982,1,1,11273828.6183236,1982,0.437976570151398
1982,1,2,3519455.24265,1982,0.370694549250222
1982,1,3,8957346.98602,1982,0.225869869336987
1982,1,4,3293633.163702,1982,0.37906369684796
1982,2,1,9336755.06910474,1982.25,0.528880120357341
1982,2,2,2887250.32603,1982.25,0.404234484827083
1982,2,3,9421817.8804,1982.25,0.216415082587636
1982,2,4,4444654.779183,1982.25,0.39123558072515
1982,3,1,13337539.9010665,1982.5,0.505013238145316
1982,3,2,3810077.35584,1982.5,0.435363882846255
1982,3,3,8212321.53427,1982.5,0.220562523578924
1982,3,4,4324158.456202,1982.5,0.36345647507857
1982,4,1,13404548.5164549,1982.75,0.428959038798823
1982,4,2,3200562.56829,1982.75,0.446505156644206
1982,4,3,13478056.09059,1982.75,0.21928250868913
1982,4,4,4374086.864653,1982.75,0.43858286810803
1983,1,1,11938557.8370907,1983,0.435435120312229
1983,1,2,3261798.85059,1983,0.416840373502138
1983,1,3,11281103.78003,1983,0.221287463835399
1983,1,4,3901152.736747,1983,0.375652822197651
1983,2,1,9930909.86603124,1983.25,0.571799057769892
1983,2,2,5381090.40062,1983.25,0.542385506503325
1983,2,3,13244062.0924,1983.25,0.238731463847837
1983,2,4,5288436.604996,1983.25,0.433429180431294
1983,3,1,9497658.86498659,1983.5,0.485455736407953
1983,3,2,4366973.31361,1983.5,0.445509804645713
1983,3,3,8937897.8282,1983.5,0.233311336508789
1983,3,4,4427437.63326,1983.5,0.430976094221144
1983,4,1,12291919.2211522,1983.75,0.41742089628358
1983,4,2,3564412.84008,1983.75,0.489335344441311
1983,4,3,10566187.4868,1983.75,0.250957060982582
1983,4,4,4005497.596904,1983.75,0.434804039463082
1984,1,1,10058173.4777291,1984,0.461707210431642
1984,1,2,2826762.42331,1984,0.419201033725205
1984,1,3,9823985.32546,1984,0.20519236158302
1984,1,4,3766808.563245,1984,0.398850446602774
1984,2,1,9728841.98329483,1984.25,0.539248415406897
1984,2,2,3418046.36685,1984.25,0.50435924382387
1984,2,3,8599601.9066,1984.25,0.231194460344302
1984,2,4,4705218.60759,1984.25,0.378109800854238
1984,3,1,11038838.2735957,1984.5,0.463085403684875
1984,3,2,3694462.45615,1984.5,0.455741849211218
1984,3,3,9816963.00693,1984.5,0.239051072109192
1984,3,4,4106293.676898,1984.5,0.402832635796946
1984,4,1,12066619.5481483,1984.75,0.435300445540736
1984,4,2,3403147.66053,1984.75,0.475567007174968
1984,4,3,9271556.87182,1984.75,0.240305793570319
1984,4,4,3827244.244561,1984.75,0.477193686233955
1985,1,1,10350853.489988,1985,0.454078184946078
1985,1,2,2640973.75927,1985,0.408544294995604
1985,1,3,11152709.84532,1985,0.234369381042384
1985,1,4,4123326.633796,1985,0.39386339130047
1985,2,1,8536170.05979863,1985.25,0.548029471896824
1985,2,2,3957622.85997,1985.25,0.51126058465402
1985,2,3,10319576.32654,1985.25,0.211119082607181
1985,2,4,4424909.136948,1985.25,0.340070303773433
1985,3,1,10253111.6227992,1985.5,0.486935063317165
1985,3,2,3486402.51204,1985.5,0.475146304022551
1985,3,3,9983780.96876,1985.5,0.235245272502857
1985,3,4,4993326.711839,1985.5,0.375520261546162
1985,4,1,12089400.6002933,1985.75,0.474597194351008
1985,4,2,4312301.88732,1985.75,0.455590111161251
1985,4,3,11166261.83062,1985.75,0.222417130498877
1985,4,4,4918042.676239,1985.75,0.45907294152565
1986,1,1,12542829.751249,1986,0.427429105992939
1986,1,2,4850816.95848,1986,0.516641864596743
1986,1,3,9575499.72083,1986,0.222269851049641
1986,1,4,4156987.59371,1986,0.375473715493957
1986,2,1,10843520.7313741,1986.25,0.512485884321807
1986,2,2,4277491.32595,1986.25,0.5579306759146
1986,2,3,8798662.03904,1986.25,0.231339458822667
1986,2,4,4158893.5073091,1986.25,0.336042676531204
1986,3,1,11609396.0907352,1986.5,0.51297689344171
1986,3,2,4027369.35351,1986.5,0.595732108494183
1986,3,3,10270053.55167,1986.5,0.244385595992517
1986,3,4,4427977.55674,1986.5,0.376615277695369
1986,4,1,14756535.5078141,1986.75,0.452419203617092
1986,4,2,5070933.70912,1986.75,0.544858275354665
1986,4,3,11198899.09868,1986.75,0.27799480234158
1986,4,4,5376384.99699,1986.75,0.396431549690972
1987,1,1,12728488.9133543,1987,0.430459521672423
1987,1,2,4390882.09824,1987,0.565463616601168
1987,1,3,11990749.11021,1987,0.252055551788086
1987,1,4,2795520.46198,1987,0.362246641251863
1987,2,1,10761744.3914701,1987.25,0.509462248352317
1987,2,2,4614911.5614,1987.25,0.546070443530335
1987,2,3,11847640.78619,1987.25,0.357438137241393
1987,2,4,3200751.5266461,1987.25,0.441942521857348
1987,3,1,10096046.1685536,1987.5,0.49866456862571
1987,3,2,4975667.95851,1987.5,0.531484269775303
1987,3,3,11618369.25736,1987.5,0.304838752348707
1987,3,4,4202291.86148,1987.5,0.445480693392637
1987,4,1,13514394.5942261,1987.75,0.425314699571944
1987,4,2,3921365.82374,1987.75,0.515024776038201
1987,4,3,10418213.60752,1987.75,0.274824470527984
1987,4,4,2768819.852943,1987.75,0.538676663737931
1988,1,1,12134837.8972423,1988,0.449745161556368
1988,1,2,3956805.19673,1988,0.511661173450428
1988,1,3,8827683.29702,1988,0.300346951442899
1988,1,4,2787610.432381,1988,0.42224357138052
1988,2,1,9082931.6946585,1988.25,0.520796590702608
1988,2,2,3722370.74967,1988.25,0.540102414888272
1988,2,3,7667614.04198,1988.25,0.33175234282403
1988,2,4,2811318.818434,1988.25,0.378908228649864
1988,3,1,8419572.7922851,1988.5,0.481626982421734
1988,3,2,4058595.76854,1988.5,0.506086320762004
1988,3,3,7115050.08887,1988.5,0.280257578457077
1988,3,4,3300580.631058,1988.5,0.379587031560086
1988,4,1,11330625.7194962,1988.75,0.457553058632865
1988,4,2,3817782.40174,1988.75,0.476818750123094
1988,4,3,7374388.54394,1988.75,0.289509049740313
1988,4,4,2933580.284426,1988.75,0.531384822639867
1989,1,1,10716569.6203,1989,0.472709945840334
1989,1,2,4146666.04012,1989,0.465081614708629
1989,1,3,6824011.28505,1989,0.304507543365298
1989,1,4,2451144.569126,1989,0.482985366008336
1989,2,1,8279275.0753066,1989.25,0.475912573415493
1989,2,2,4775639.92765,1989.25,0.50097051755124
1989,2,3,7674429.15388,1989.25,0.282728024280424
1989,2,4,3214875.591154,1989.25,0.351481843815771
1989,3,1,9861641.409572,1989.5,0.467175463925168
1989,3,2,3741696.91023,1989.5,0.500134081052253
1989,3,3,8778638.46644,1989.5,0.292080966331038
1989,3,4,3067021.801893,1989.5,0.374997645013449
1989,4,1,14450151.7518761,1989.75,0.415413695253565
1989,4,2,5570352.05613,1989.75,0.460655982407374
1989,4,3,8558764.05878,1989.75,0.282747888881464
1989,4,4,3180582.047972,1989.75,0.462425084110229
1990,1,1,13668053.9997976,1990,0.44443457521891
1990,1,2,5322397.52929,1990,0.491897958522435
1990,1,3,9852018.6409,1990,0.273894630968198
1990,1,4,3226962.059454,1990,0.414159894366039
1990,2,1,8518502.4889732,1990.25,0.505648169967253
1990,2,2,4432518.85438,1990.25,0.458221606132123
1990,2,3,10957284.97658,1990.25,0.29543957004872
1990,2,4,4861357.41115,1990.25,0.358623769814416
1990,3,1,12844489.0486323,1990.5,0.466231870669683
1990,3,2,5201838.06617,1990.5,0.473454003236287
1990,3,3,12134504.94426,1990.5,0.282648163699831
1990,3,4,4526807.04158,1990.5,0.341052676393988
1990,4,1,17844060.88815,1990.75,0.412187917545509
1990,4,2,5982869.55388,1990.75,0.469458992883693
1990,4,3,10582240.97364,1990.75,0.248025658957683
1990,4,4,4507819.2737,1990.75,0.427239562739721
1991,1,1,13530321.722767,1991,0.442989942075285
1991,1,2,4784579.74098,1991,0.452755115988909
1991,1,3,10012309.81112,1991,0.265085256117188
1991,1,4,8347290.146598,1991,0.385174145954175
1991,2,1,10333072.0861051,1991.25,0.491363294460732
1991,2,2,3513366.27262306,1991.25,0.601700593766132
1991,2,3,9926976.5074,1991.25,0.313472881631189
1991,2,4,4274803.797013,1991.25,0.35387838569082
1991,3,1,10374436.1113373,1991.5,0.45014550565303
1991,3,2,4750251.7447,1991.5,0.512896898148764
1991,3,3,9917449.09733,1991.5,0.279541675398533
1991,3,4,3678511.29419,1991.5,0.370351320552438
1991,4,1,13419976.2278512,1991.75,0.385778733616862
1991,4,2,4858778.66289,1991.75,0.456875534058741
1991,4,3,9763885.50604,1991.75,0.314558814751065
1991,4,4,3239877.404091,1991.75,0.449373474323483
1992,1,1,14957857.8654035,1992,0.443135303460796
1992,1,2,5728338.87881,1992,0.447022485099076
1992,1,3,12385393.21626,1992,0.296079263914144
1992,1,4,3700103.650064,1992,0.45302021874435
1992,2,1,9689373.1258835,1992.25,0.522811791197366
1992,2,2,4821517.69528,1992.25,0.470741870385749
1992,2,3,11621573.47431,1992.25,0.300418358318774
1992,2,4,3571813.51719,1992.25,0.406825012845738
1992,3,1,9677255.07866018,1992.5,0.508491546799094
1992,3,2,3820504.82575,1992.5,0.514628827257645
1992,3,3,11530311.72316,1992.5,0.279574274464552
1992,3,4,4221955.27481,1992.5,0.406121297876858
1992,4,1,15227496.6983963,1992.75,0.443001425137671
1992,4,2,4203529.12622,1992.75,0.430710820618193
1992,4,3,10627793.45852,1992.75,0.256827095143537
1992,4,4,3451844.038835,1992.75,0.471155327960889
1993,1,1,14713224.678495,1993,0.447511758307557
1993,1,2,4938509.87015747,1993,0.528559092921919
1993,1,3,9419637.62013,1993,0.293035302158812
1993,1,4,2289686.08923,1993,0.421535616550286
1993,2,1,9348633.0406691,1993.25,0.485594441730006
1993,2,2,4254314.71374,1993.25,0.514888369592728
1993,2,3,11064035.50072,1993.25,0.273702338147828
1993,2,4,2924484.135729,1993.25,0.382219799922138
1993,3,1,9826853.0726169,1993.5,0.492769849772556
1993,3,2,3715563.30066,1993.5,0.528619009395403
1993,3,3,10945881.47892,1993.5,0.253478760014713
1993,3,4,3504887.624801,1993.5,0.417710743369113
1993,4,1,11802579.4944587,1993.75,0.441095253079553
1993,4,2,3193336.34345,1993.75,0.530955877518315
1993,4,3,9969258.41166,1993.75,0.260194316970831
1993,4,4,3453529.755125,1993.75,0.479621619859746
1994,1,1,11723015.5480255,1994,0.456480486752237
1994,1,2,3527539.28941,1994,0.470150972109029
1994,1,3,9149101.77475,1994,0.248554060342446
1994,1,4,3261248.291189,1994,0.375078643355454
1994,2,1,7890942.07328671,1994.25,0.546451403554797
1994,2,2,3413448.17837,1994.25,0.499274163801938
1994,2,3,11380178.42498,1994.25,0.248677844623853
1994,2,4,4432292.64803,1994.25,0.409081463131325
1994,3,1,10226122.62149,1994.5,0.485767955630984
1994,3,2,3684978.25602,1994.5,0.539045606627485
1994,3,3,13130086.92349,1994.5,0.24033816193039
1994,3,4,3253688.4144303,1994.5,0.434644002719453
1994,4,1,13989397.6739971,1994.75,0.41888818953807
1994,4,2,3884744.04872,1994.75,0.498984108925859
1994,4,3,11832688.2572,1994.75,0.233556028866833
1994,4,4,3029535.329773,1994.75,0.478852766429645
1995,1,1,13287816.5511516,1995,0.445533186193045
1995,1,2,3737393.90829,1995,0.474224138583717
1995,1,3,10253346.71876,1995,0.235055266264109
1995,1,4,3088845.575481,1995,0.407747204464484
1995,2,1,8146595.0173628,1995.25,0.55543167627818
1995,2,2,3147598.32989,1995.25,0.50638408699429
1995,2,3,9153578.51216,1995.25,0.238168829617721
1995,2,4,4226772.754447,1995.25,0.375361788717318
1995,3,1,7105942.1818893,1995.5,0.494361688943742
1995,3,2,3126404.979436,1995.5,0.533315916203907
1995,3,3,8059441.05358,1995.5,0.27629928872917
1995,3,4,3430655.87488137,1995.5,0.408064834160229
1995,4,1,9512336.35669203,1995.75,0.47939504422143
1995,4,2,3704354.27106,1995.75,0.453829625945596
1995,4,3,9409583.59399,1995.75,0.259464093746762
1995,4,4,4212249.455649,1995.75,0.447974901063636
1996,1,1,8641221.2950854,1996,0.507957405955829
1996,1,2,3312462.91166,1996,0.46641205189602
1996,1,3,8863864.0265838,1996,0.338983383314975
1996,1,4,4487214.21982,1996,0.385139550472871
1996,2,1,6275953.23869175,1996.25,0.547393349990771
1996,2,2,3970008.52675,1996.25,0.469943790823496
1996,2,3,11014354.29659,1996.25,0.255803180898612
1996,2,4,5458360.405045,1996.25,0.33007549804466
1996,3,1,7872128.75617484,1996.5,0.520295555823799
1996,3,2,3387359.50242559,1996.5,0.642180934139875
1996,3,3,7746115.94285,1996.5,0.275077804508279
1996,3,4,5373949.12248,1996.5,0.335855716489648
1996,4,1,15987556.9256415,1996.75,0.480717073249275
1996,4,2,4032217.53068,1996.75,0.512304201805804
1996,4,3,7957658.51094,1996.75,0.266074670399186
1996,4,4,4726351.939767,1996.75,0.447254521072148
1997,1,1,10765705.9962615,1997,0.498846580560967
1997,1,2,4435457.29504,1997,0.482630355578045
1997,1,3,9444715.78663,1997,0.26017872446111
1997,1,4,4407197.947703,1997,0.343460580706442
1997,2,1,7016825.95755144,1997.25,0.597488138481845
1997,2,2,3227958.07756,1997.25,0.523863501022988
1997,2,3,11511394.9801,1997.25,0.263354597388344
1997,2,4,4759818.429535,1997.25,0.35646353584213
1997,3,1,8503205.26358008,1997.5,0.519010557029263
1997,3,2,3141327.10653,1997.5,0.540138986913497
1997,3,3,13382225.01142,1997.5,0.256230741483023
1997,3,4,5089051.508668,1997.5,0.32087601341394
1997,4,1,14897234.4934218,1997.75,0.477129447021806
1997,4,2,3176601.22892,1997.75,0.529753156205444
1997,4,3,15143741.03242,1997.75,0.241508731008119
1997,4,4,5680628.5011,1997.75,0.37491935089649
1998,1,1,13107091.3669138,1998,0.507844363671899
1998,1,2,4051488.41576,1998,0.51042043910443
1998,1,3,17703059.0679,1998,0.235399011137879
1998,1,4,5561880.45753,1998,0.321237189965739
1998,2,1,7122151.03821646,1998.25,0.538220026711306
1998,2,2,2964459.80115,1998.25,0.556285822367036
1998,2,3,12979561.17647,1998.25,0.257631654890252
1998,2,4,4948696.263241,1998.25,0.312604831904643
1998,3,1,9095462.784346,1998.5,0.537104709770729
1998,3,2,3210897.34488,1998.5,0.569369069346446
1998,3,3,11174117.32452,1998.5,0.269510465467817
1998,3,4,4468356.9898,1998.5,0.290857311760267
1998,4,1,11886075.8762087,1998.75,0.43497012228695
1998,4,2,3329869.56736,1998.75,0.533553986607533
1998,4,3,8459021.80795,1998.75,0.265004542125826
1998,4,4,4240204.444135,1998.75,0.355153112698442
1999,1,1,8724995.462253,1999,0.495513158672171
1999,1,2,4066774.64832,1999,0.512818018912332
1999,1,3,7766651.99659,1999,0.242448806015988
1999,1,4,3946077.917709,1999,0.347013165230468
1999,2,1,8358872.7541821,1999.25,0.587997195015405
1999,2,2,3327136.97247,1999.25,0.561854540883524
1999,2,3,7569836.3675,1999.25,0.261880004186789
1999,2,4,3798159.4109631,1999.25,0.310647420869748
1999,3,1,8327353.64831834,1999.5,0.514383692475474
1999,3,2,4189540.49573,1999.5,0.502634286189408
1999,3,3,7613870.82651,1999.5,0.271600406287105
1999,3,4,4247362.56699,1999.5,0.311984706904548
1999,4,1,11458548.5722442,1999.75,0.443478708098436
1999,4,2,2794781.91068,1999.75,0.540818672459928
1999,4,3,7070738.91098,1999.75,0.27800554533559
1999,4,4,3370080.502635,1999.75,0.350292433704699
2000,1,1,8472051.9093336,2000,0.496736319128503
2000,1,2,3353391.08378,2000,0.532284680413872
2000,1,3,7084922.84658,2000,0.268825161153489
2000,1,4,4007353.551796,2000,0.335021103148679
2000,2,1,6926044.2287292,2000.25,0.611593189388292
2000,2,2,4083775.06548,2000.25,0.552552843419566
2000,2,3,8812032.2746,2000.25,0.251856973738612
2000,2,4,4998617.644985,2000.25,0.30399501247462
2000,3,1,8731333.0152657,2000.5,0.621204724095741
2000,3,2,3959450.60735,2000.5,0.538025995202159
2000,3,3,9530979.66508,2000.5,0.226332974927212
2000,3,4,6137923.86281,2000.5,0.306895925205449
2000,4,1,8683265.7392542,2000.75,0.476583901881096
2000,4,2,3737833.92909,2000.75,0.508658324472983
2000,4,3,7339378.42383,2000.75,0.251734590234935
2000,4,4,5464413.180119,2000.75,0.352439546408881
2001,1,1,7192690.1573845,2001,0.500748188214263
2001,1,2,2623674.66267,2001,0.51804111177873
2001,1,3,7592623.131,2001,0.247028988340049
2001,1,4,4132548.753401,2001,0.35927565799863
2001,2,1,6359873.8853417,2001.25,0.602524831901656
2001,2,2,2580026.40803,2001.25,0.545693570936241
2001,2,3,8206019.33806,2001.25,0.228153788966767
2001,2,4,4650283.311876,2001.25,0.30376754957631
2001,3,1,6482685.0791704,2001.5,0.603642272548119
2001,3,2,2740506.69313,2001.5,0.522368013392942
2001,3,3,8298152.47079,2001.5,0.239785271297789
2001,3,4,5326494.69708,2001.5,0.288416704126028
2001,4,1,9552560.7723721,2001.75,0.469461277704856
2001,4,2,2962651.40956,2001.75,0.548911160245922
2001,4,3,7495794.0587,2001.75,0.233884028391157
2001,4,4,3721218.483199,2001.75,0.311251529406368
2002,1,1,8532582.9124913,2002,0.49237017398478
2002,1,2,3224001.71268,2002,0.532681409333959
2002,1,3,8536067.3942,2002,0.222637202832699
2002,1,4,5020873.497934,2002,0.313905969441374
2002,2,1,6738788.5205688,2002.25,0.573141126180154
2002,2,2,2635745.95832,2002.25,0.534021107694414
2002,2,3,10303766.09248,2002.25,0.213778444628931
2002,2,4,4767923.077985,2002.25,0.270862684487294
2002,3,1,8513476.84702388,2002.5,0.531334968955615
2002,3,2,2762011.27013642,2002.5,0.608974185718079
2002,3,3,11062356.09684,2002.5,0.215081914505082
2002,3,4,4907134.71314,2002.5,0.328689773352464
2002,4,1,11469733.868942,2002.75,0.433822500839321
2002,4,2,2658341.66189,2002.75,0.537486698640887
2002,4,3,10938762.97186,2002.75,0.204778519511612
2002,4,4,3858404.927813,2002.75,0.412302838477643
2003,1,1,10207408.6026516,2003,0.454034235384387
2003,1,2,3209224.59695,2003,0.527323087218575
2003,1,3,9238622.77175,2003,0.217009450850147
2003,1,4,5325610.105436,2003,0.342004288587546
2003,2,1,7192057.2666876,2003.25,0.530243097507612
2003,2,2,2078073.16627,2003.25,0.540990646658879
2003,2,3,7534437.30906,2003.25,0.215290082182285
2003,2,4,5520441.311505,2003.25,0.349302588548136
2003,3,1,7068441.43743525,2003.5,0.567612496515102
2003,3,2,2144939.545215,2003.5,0.556128872886153
2003,3,3,7951960.43207,2003.5,0.21222910694928
2003,3,4,4902893.65492,2003.5,0.316178262399902
2003,4,1,8500670.044948,2003.75,0.479701289712135
2003,4,2,2190890.18673,2003.75,0.524164214002545
2003,4,3,8948254.8121,2003.75,0.221008496271257
2003,4,4,3869302.090611,2003.75,0.356962496945076
2004,1,1,6961039.4693647,2004,0.477859973810441
2004,1,2,2481635.98105,2004,0.527361553698414
2004,1,3,8749140.47756,2004,0.240567314884979
2004,1,4,3765440.979184,2004,0.33443370138614
2004,2,1,6792771.38781672,2004.25,0.647591779718609
2004,2,2,2280429.19595,2004.25,0.549148616723689
2004,2,3,10991442.0057819,2004.25,0.273250415304521
2004,2,4,4927522.38159616,2004.25,0.340278873647074
2004,3,1,9611781.34007124,2004.5,0.552140404047088
2004,3,2,2385401.84409,2004.5,0.569077210439676
2004,3,3,10979335.46303,2004.5,0.209744941746092
2004,3,4,4561091.79589,2004.5,0.281508486188725
2004,4,1,13072829.754156,2004.75,0.451261743326641
2004,4,2,2643973.64547,2004.75,0.529530304546994
2004,4,3,9759891.7471,2004.75,0.225245531569662
2004,4,4,3974104.662356,2004.75,0.363677817564698
2005,1,1,9334209.144698,2005,0.457401682220712
2005,1,2,2569924.68301,2005,0.525631788758806
2005,1,3,8188384.82512,2005,0.233275727572275
2005,1,4,2962329.798026,2005,0.338535144397913
2005,2,1,5239274.8587289,2005.25,0.574628330739071
2005,2,2,1832040.61423,2005.25,0.527990818374229
2005,2,3,7599494.89503,2005.25,0.268937168886192
2005,2,4,4490432.352123,2005.25,0.268079010374307
2005,3,1,8613986.3290191,2005.5,0.518154176570716
2005,3,2,2517128.510139,2005.5,0.53210995400631
2005,3,3,7173149.75583,2005.5,0.242660557253332
2005,3,4,3781477.480094,2005.5,0.283071419145693
2005,4,1,10807962.5775986,2005.75,0.450983756562723
2005,4,2,3171099.03175,2005.75,0.519173186703028
2005,4,3,8183538.23293,2005.75,0.251026303788688
2005,4,4,4697546.192855,2005.75,0.347351925396332
2006,1,1,9091885.2283092,2006,0.461962201187938
2006,1,2,2602991.20107,2006,0.524579001213108
2006,1,3,7369469.25627,2006,0.260599087449254
2006,1,4,3842341.459631,2006,0.37023811517445
2006,2,1,8673404.5306106,2006.25,0.609037307634568
2006,2,2,3053177.74718,2006.25,0.546261981541305
2006,2,3,7454237.51298,2006.25,0.250016419698812
2006,2,4,4437502.28611,2006.25,0.317320743415335
2006,3,1,8034366.8619748,2006.5,0.49942380501404
2006,3,2,3291292.17984,2006.5,0.525938556690774
2006,3,3,8732821.36623,2006.5,0.25128922443065
2006,3,4,3507855.426593,2006.5,0.325490985388113
2006,4,1,11261586.9488429,2006.75,0.479611269899365
2006,4,2,3013510.40080074,2006.75,0.583789336700939
2006,4,3,9952645.92014,2006.75,0.256926285751643
2006,4,4,3387664.465523,2006.75,0.360082712797565
2007,1,1,10028301.7329129,2007,0.471476170763197
2007,1,2,3011074.06595,2007,0.518862672074262
2007,1,3,8797225.06566,2007,0.243504488779606
2007,1,4,3207107.751364,2007,0.360164841761568
2007,2,1,5738511.48238322,2007.25,0.620331990988192
2007,2,2,2098449.073099,2007.25,0.553959653913864
2007,2,3,7567426.46168,2007.25,0.247598562224317
2007,2,4,3342031.664722,2007.25,0.290973464685646
2007,3,1,8325068.94525683,2007.5,0.558823532164412
2007,3,2,2475421.43403,2007.5,0.598321568493069
2007,3,3,7763296.64295,2007.5,0.265965020217298
2007,3,4,3764366.46075,2007.5,0.29600055569551
2007,4,1,10093467.0291789,2007.75,0.512976240420065
2007,4,2,2892374.93855,2007.75,0.570421249698821
2007,4,3,6922524.743622,2007.75,0.280000052441656
2007,4,4,4279170.845419,2007.75,0.355482806532825
2008,1,1,7744541.26746572,2008,0.438279423368925
2008,1,2,2913058.17356,2008,0.536316560428983
2008,1,3,6879432.97959,2008,0.25268442489711
2008,1,4,2797588.172846,2008,0.358198544210289
2008,2,1,5447006.4402392,2008.25,0.59096240220781
2008,2,2,2816322.11373,2008.25,0.54370733919126
2008,2,3,6989754.2473,2008.25,0.244857005518936
2008,2,4,4244615.458668,2008.25,0.282104262191958
2008,3,1,6146179.1319677,2008.5,0.572827297566844
2008,3,2,3828910.94463,2008.5,0.557375443966422
2008,3,3,7379684.52878,2008.5,0.247721634464082
2008,3,4,4585137.59396,2008.5,0.297730348107266
2008,4,1,9323851.927843,2008.75,0.435327213177511
2008,4,2,3029926.47352,2008.75,0.560170370463217
2008,4,3,9220162.74734,2008.75,0.248618717049359
2008,4,4,3485668.84008735,2008.75,0.413336462341866
2009,1,1,6828542.703408,2009,0.464164147690288
2009,1,2,3147665.37078,2009,0.511996036449687
2009,1,3,9127174.10893,2009,0.260587665511976
2009,1,4,2537080.650014,2009,0.363963422198572
2009,2,1,4656571.56604365,2009.25,0.669789111160696
2009,2,2,2704962.85184,2009.25,0.531046334467137
2009,2,3,7398346.02306,2009.25,0.243504881697009
2009,2,4,3260419.4780784,2009.25,0.287615138740082
2009,3,1,6605985.02099611,2009.5,0.568861034474166
2009,3,2,3171472.4512,2009.5,0.526382403575755
2009,3,3,8239347.58263,2009.5,0.248466060134073
2009,3,4,3835514.469527,2009.5,0.300050694336577
2009,4,1,9742837.9118825,2009.75,0.468212063410536
2009,4,2,4204678.41879,2009.75,0.533685409975517
2009,4,3,8432734.28118,2009.75,0.261944753251223
2009,4,4,3975418.863235,2009.75,0.38065427061146
2010,1,1,7817505.0784299,2010,0.499536873991568
2010,1,2,3109740.34595,2010,0.537228395901592
2010,1,3,7725369.11169,2010,0.257704810792544
2010,1,4,2601054.12795,2010,0.335093779489221
2010,2,1,5731440.1372551,2010.25,0.592834965366289
2010,2,2,2211006.63047,2010.25,0.541528407204902
2010,2,3,6090515.95466,2010.25,0.250596401276319
2010,2,4,3105312.353969,2010.25,0.298011399306171
2010,3,1,6210603.4915392,2010.5,0.565303865196796
2010,3,2,2847381.84313,2010.5,0.540528364825585
2010,3,3,6253990.31878,2010.5,0.262528675983122
2010,3,4,2822828.94963,2010.5,0.350224375509781
2010,4,1,9484256.88445845,2010.75,0.519991632285553
2010,4,2,2535729.75151,2010.75,0.557950620928496
2010,4,3,6226497.10139,2010.75,0.272265493448899
2010,4,4,2618095.842627,2010.75,0.411253293428142
2011,1,1,8658284.6922598,2011,0.492900898815405
2011,1,2,2509163.00741,2011,0.543422846792557
2011,1,3,6488149.40871,2011,0.263407169122161
2011,1,4,3097835.780565,2011,0.356666514149759
2011,2,1,5699469.0893882,2011.25,0.549944887719553
2011,2,2,2743770.24318,2011.25,0.542661314807974
2011,2,3,6642509.04761,2011.25,0.243260910754121
2011,2,4,3957920.992862,2011.25,0.31450494837459
2011,3,1,6567979.5918511,2011.5,0.565811884080432
2011,3,2,3142659.23118,2011.5,0.533410907645745
2011,3,3,7780827.52539,2011.5,0.236201221911008
2011,3,4,3842663.109233,2011.5,0.329840622794998
2011,4,1,8981952.513932,2011.75,0.555467353283317
2011,4,2,2777917.95587,2011.75,0.531599999164701
2011,4,3,7856569.91435,2011.75,0.263855210753811
2011,4,4,2711370.307365,2011.75,0.378187831752427
2012,1,1,8412465.02540041,2012,0.46522518088346
2012,1,2,2971852.1929,2012,0.507469396956296
2012,1,3,7054863.86641,2012,0.223379469551182
2012,1,4,3453884.05857,2012,0.321117506730697
2012,2,1,5007858.86294529,2012.25,0.641580578708711
2012,2,2,2299391.400012,2012.25,0.54011838707334
2012,2,3,8406779.30084,2012.25,0.246665400496353
2012,2,4,3614554.937705,2012.25,0.29253086357547
2012,3,1,6430080.43498737,2012.5,0.53947218319411
2012,3,2,2729820.801495,2012.5,0.570799950970549
2012,3,3,7442520.80537,2012.5,0.236789454869396
2012,3,4,3616204.350355,2012.5,0.323930547338504
2012,4,1,7311765.37913373,2012.75,0.492752255734413
2012,4,2,2704392.33238,2012.75,0.571777069597935
2012,4,3,6461483.28846,2012.75,0.241215877559479
2012,4,4,2467822.278818,2012.75,0.402540467623988
2013,1,1,7093155.58050985,2013,0.542632631809737
2013,1,2,2421712.61332,2013,0.551302273411012
2013,1,3,5557748.513262,2013,0.271516875296703
2013,1,4,4036808.466073,2013,0.357554292585658
2013,2,1,4452406.19924458,2013.25,0.560217958561226
2013,2,2,1831068.977324,2013.25,0.554813512872708
2013,2,3,5541172.472829,2013.25,0.26166679143465
2013,2,4,3058707.922987,2013.25,0.307647724010995
2013,3,1,5668845.84810316,2013.5,0.590413555444006
2013,3,2,2409753.028086,2013.5,0.574373018273015
2013,3,3,6286393.30618,2013.5,0.246918663934617
2013,3,4,2666423.8499,2013.5,0.322169190699737
2013,4,1,8819249.5228943,2013.75,0.486322148244782
2013,4,2,2639086.66945,2013.75,0.565595626928359
2013,4,3,8480656.981216,2013.75,0.25801744347759
2013,4,4,2562124.8776,2013.75,0.424308807704218
2014,1,1,9167976.4816112,2014,0.51381010543313
2014,1,2,2559784.65055,2014,0.563703068092453
2014,1,3,10449747.30268,2014,0.240363485322203
2014,1,4,3693592.724195,2014,0.369824046516997
2014,2,1,5254285.2375686,2014.25,0.61200352944369
2014,2,2,2491213.88001,2014.25,0.558469193364171
2014,2,3,9749884.53774,2014.25,0.283040535524659
2014,2,4,3683280.175945,2014.25,0.288308083027307
2014,3,1,7926504.8516014,2014.5,0.541910694648186
2014,3,2,3643272.42387,2014.5,0.543886482068101
2014,3,3,10476502.71958,2014.5,0.260180720619945
2014,3,4,3178594.093121,2014.5,0.32581557276411
2014,4,1,12937770.6122017,2014.75,0.531729376810115
2014,4,2,2582204.23701,2014.75,0.561909994169416
2014,4,3,11662718.805714,2014.75,0.262826057590607
2014,4,4,3604946.73591,2014.75,0.395799566527429
2015,1,1,12785967.2139986,2015,0.494708213538087
2015,1,2,2856903.89608,2015,0.535573805438626
2015,1,3,10912891.03236,2015,0.241514613365827
2015,1,4,3491320.872133,2015,0.376381311970746
2015,2,1,7119718.3295661,2015.25,0.600569290735546
2015,2,2,2483903.78664,2015.25,0.542380193662187
2015,2,3,9858803.59698,2015.25,0.236916025734754
2015,2,4,3699450.23722,2015.25,0.282387727004592
2015,3,1,7056319.63017672,2015.5,0.593850575935652
2015,3,2,3231236.74289,2015.5,0.524197351764017
2015,3,3,10202790.30819,2015.5,0.268731684851291
2015,3,4,3514530.059404,2015.5,0.331822471301659
2015,4,1,11465534.433349,2015.75,0.503716869417681
2015,4,2,2750037.48966,2015.75,0.544483337784861
2015,4,3,12458593.5175,2015.75,0.246792723995525
2015,4,4,3078007.925683,2015.75,0.404846048415579
2016,1,1,9318536.8115011,2016,0.474372786339895
2016,1,2,2745316.31111,2016,0.532105408508209
2016,1,3,8364665.20893,2016,0.247046734677997
2016,1,4,2994236.492991,2016,0.321778307372803
2016,2,1,5544004.07189537,2016.25,0.635822484883014
2016,2,2,2524556.598787,2016.25,0.55437710523333
2016,2,3,6317303.54019,2016.25,0.268833578553776
2016,2,4,3369402.253151,2016.25,0.265240030460679
2016,3,1,5598676.29434885,2016.5,0.611827480100653
2016,3,2,3167711.76738,2016.5,0.541809994974549
2016,3,3,6661628.85268,2016.5,0.234194686656099
2016,3,4,4389617.408609,2016.5,0.28977504538519
2016,4,1,10559006.8422598,2016.75,0.513399677798192
2016,4,2,3631285.00034,2016.75,0.518616253629993
2016,4,3,8218492.15831,2016.75,0.227333607377333
2016,4,4,3263839.261974,2016.75,0.350563276160475
2017,1,1,8939547.3600924,2017,0.44897724429877
2017,1,2,3074594.30619,2017,0.525658284459262
2017,1,3,6982870.10321,2017,0.224395305655488
2017,1,4,2760720.841169,2017,0.315493719541227
2017,2,1,5259508.31520453,2017.25,0.612944319758194
2017,2,2,3434253.67757,2017.25,0.51349545318895
2017,2,3,6659351.805433,2017.25,0.244374656498629
2017,2,4,2986383.252726,2017.25,0.283812104598564
2017,3,1,5570412.7781205,2017.5,0.589759643258531
2017,3,2,3386207.89364663,2017.5,0.547830524277916
2017,3,3,7289643.66957,2017.5,0.235040168563749
2017,3,4,3500967.547298,2017.5,0.302189943522184
2017,4,1,9688084.6391854,2017.75,0.487347401107234
2017,4,2,3676847.31448,2017.75,0.520653651739765
2017,4,3,7124895.173119,2017.75,0.241031804596408
2017,4,4,2817385.252252,2017.75,0.366566580193102
2018,1,1,8574344.5103432,2018,0.507748248125116
2018,1,2,2976045.16606,2018,0.495408517346888
2018,1,3,6447083.383276,2018,0.237431572874122
2018,1,4,2477535.816415,2018,0.346954558616611
2018,2,1,5906356.35056583,2018.25,0.666045469639633
2018,2,2,2730167.89963,2018.25,0.544896802520598
2018,2,3,6055259.81206,2018.25,0.215448227370438
2018,2,4,3102061.511462,2018.25,0.280659731510456
2018,3,1,5698160.92358498,2018.5,0.602210935472135
2018,3,2,3326940.38093,2018.5,0.521406401030654
2018,3,3,6944734.49912,2018.5,0.205170718025032
2018,3,4,2823366.992898,2018.5,0.309203083448729
2018,4,1,10981691.3860693,2018.75,0.479338822241794
2018,4,2,3158247.11391,2018.75,0.526792569310066
2018,4,3,7615543.04279,2018.75,0.203321034439648
2018,4,4,2782290.511373,2018.75,0.377600516529827
2019,1,1,10303843.0949312,2019,0.481252949335224
2019,1,2,2739380.7514,2019,0.538106641221276
2019,1,3,8237215.36644,2019,0.228998373122297
2019,1,4,2207116.438528,2019,0.38651232685414
2019,2,1,5685373.34095464,2019.25,0.609747447992118
2019,2,2,2743123.68525,2019.25,0.541437045815772
2019,2,3,7877397.57402,2019.25,0.224937313830473
2019,2,4,2185907.92773,2019.25,0.320690023279191
2019,3,1,6679435.58633606,2019.5,0.526084914320773
2019,3,2,3784662.75607,2019.5,0.536973218395432
2019,3,3,7206718.27543,2019.5,0.224473639436798
2019,3,4,2042712.467384,2019.5,0.337449914863117
2019,4,1,10674255.8925111,2019.75,0.410023100133713
2019,4,2,3084349.48813,2019.75,0.519974601348915
2019,4,3,7010711.87529,2019.75,0.244679878807128
2019,4,4,2010350.026596,2019.75,0.394772832503217
2020,1,1,9509085.5796492,2020,0.525549075890441
2020,1,2,2752778.87017,2020,0.53163313074394
2020,1,3,7514749.21302,2020,0.234785463297798
2020,1,4,2040718.826074,2020,0.37006394942233
2020,2,1,5464496.05709588,2020.25,0.667605471680174
2020,2,2,2347148.34036,2020.25,0.578816760637083
2020,2,3,6396838.81424,2020.25,0.269217977218015
2020,2,4,2203332.773896,2020.25,0.306385142079818
2020,3,1,6623730.60020131,2020.5,0.484846488466971
2020,3,2,2776876.28333,2020.5,0.544834328026799
2020,3,3,6330795.64023,2020.5,0.263226626378264
2020,3,4,2462835.983552,2020.5,0.313913680803757
2020,4,1,10756478.6463464,2020.75,0.422572266395582
2020,4,2,2277589.26057,2020.75,0.563825022899085
2020,4,3,7027976.34302,2020.75,0.247090352179047
2020,4,4,2437516.567093,2020.75,0.342501641776734
2021,1,1,8634040.78035591,2021,0.48326928379427
2021,1,2,2055255.43335,2021,0.561543695749763
2021,1,3,5284472.0027,2021,0.261516013171636
2021,1,4,2292467.329588,2021,0.379404770428856
2021,2,1,4934521.4496296,2021.25,0.678646841752736
2021,2,2,2161534.21478,2021.25,0.561324924120974
2021,2,3,6386530.06687,2021.25,0.242467506240133
2021,2,4,2269848.87385,2021.25,0.345584251318222
2021,3,1,6339659.60728069,2021.5,0.545183304847699
2021,3,2,2655370.41366,2021.5,0.560090362234077
2021,3,3,5886661.73194,2021.5,0.256177676769805
2021,3,4,2950496.864878,2021.5,0.314066054870916
2021,4,1,8851860.69498503,2021.75,0.478505603702747
2021,4,2,2686944.4931,2021.75,0.542276242370641
2021,4,3,6678865.33466,2021.75,0.238953288382161
2021,4,4,2079009.049553,2021.75,0.408667310654507
